{
    "metadata": {
        "data_exportacao": "2025-11-21 16:48:16.911901",
        "versao_sistema": "1.0"
    },
    "livros": [
        {
            "id": 1,
            "titulo": "teste",
            "autor": "testador",
            "isbn": "111",
            "ano": 2025,
            "disponivel": true
        }
    ],
    "alunos": [
        {
            "id": 1,
            "nome": "biel",
            "matricula": "AAA",
            "curso": "",
            "email": "alguememail@gmail.com"
        }
    ],
    "emprestimos": [
        {
            "id": 1,
            "livro_id": 1,
            "aluno_id": 1,
            "data_retirada": "2025-11-21 16:20:07.447814",
            "data_devolucao": "2025-11-21 16:20:33.163059",
            "status": "Finalizado"
        },
        {
            "id": 2,
            "livro_id": 1,
            "aluno_id": 1,
            "data_retirada": "2025-11-21 16:20:35.006113",
            "data_devolucao": "2025-11-21 16:20:39.747575",
            "status": "Finalizado"
        }
    ]
}